segment,countries,n_countries,n_obs,breakpoint,slope1,slope2,slope1_se,slope2_se,delta_aic,f_stat,is_plateau,is_significant
oecd,"usa, germany, france, japan, united kingdom, south korea",6,200,30073.46692298579,0.0007271696447103196,0.0015219275034669326,4.3800719643788395e-05,0.0003922971971450244,-110.81792608481305,0.8599651042403695,False,False
emerging,"russia, brazil, china, mexico",4,124,15771.229927038701,0.00016825356939247638,0.00030266616211663413,1.9729887953563444e-05,7.848607271248268e-05,-143.60644659751438,20.121191990009322,True,True
global,"brazil, china, france, germany, japan, mexico, russia, south korea, united kingdom, usa",10,324,29771.2299270387,0.0004977512961414759,0.0018250749320113228,4.467128813176769e-05,0.0003598380756377658,-507.02214176262714,3.981465842827175,False,True
