segment,countries,n_countries,n_obs,breakpoint,slope1,slope2,slope1_se,slope2_se,delta_aic,f_stat,is_plateau,is_significant
oecd,"usa, germany, france, japan, united kingdom, south korea",6,200,30073.46692298579,0.0007271696447103197,0.0015219275034669335,4.380071964378841e-05,0.00039229719714502443,-110.81792608481283,0.85996510424033,False,False
emerging,"russia, brazil, china, mexico",4,124,15771.229927038701,0.0001682535693924764,0.0003026661621166342,1.972988795356344e-05,7.848607271248266e-05,-143.60644659751432,20.1211919900093,True,True
global,"brazil, china, france, germany, japan, mexico, russia, south korea, united kingdom, usa",10,324,29771.2299270387,0.0004977512961414757,0.0018250749320113224,4.467128813176769e-05,0.0003598380756377658,-507.02214176262714,3.9814658428272693,False,True
