peer_country,matched_year,matched_gdp,matched_beautypc,cagr_5y_post_match,gdp_ratio,is_reasonable_match,india_recent_cagr
china,2009,9518.43214737204,1.0151205005967692,0.16643926590831626,0.969579655780774,True,0.041476087676385776
japan,1995,37442.8946125519,7.0066134006430465,0.050465840261146644,3.814059743011045,False,0.041476087676385776
south korea,1995,19815.0748995289,4.872858368876002,0.07277323665472624,2.0184304728862137,False,0.041476087676385776
usa,1995,47220.9579595731,10.194774204629146,0.05885581345712687,4.81008630993099,False,0.041476087676385776
